{"cameraMode":{"drawMode":0,"name":"Shaded","section":"Shading Mode"},"sceneLighting":true,"audioPlay":false,"sceneViewState":{"m_AlwaysRefresh":true,"showFog":true,"showSkybox":true,"showFlares":true,"showImageEffects":true,"showParticleSystems":true,"showVisualEffectGraphs":true,"m_FxEnabled":true},"in2DMode":false,"pivot":{"x":5.419522285461426,"y":1.704940915107727,"z":-0.8440757989883423},"rotation":{"x":-0.0008942591957747936,"y":-0.4098227322101593,"z":0.0009594473522156477,"w":-0.9123130440711975},"size":4.177212715148926,"orthographic":false}